{
	"credit": "Made by alfie terry",
	"textures": {
		"0": "item/other/coin",
		"particle": "item/other/coin"
	},
	"elements": [
		{
			"from": [8.2, 0, 7],
			"to": [8.8, 2, 9],
			"rotation": {"angle": 0, "axis": "y", "origin": [8.2, 0, 7]},
			"faces": {
				"north": {"uv": [2, 0, 3, 2], "texture": "#0"},
				"east": {"uv": [0, 0, 2, 2], "texture": "#0"},
				"south": {"uv": [2, 2, 3, 4], "texture": "#0"},
				"west": {"uv": [0, 2, 2, 4], "texture": "#0"},
				"up": {"uv": [4, 2, 3, 0], "texture": "#0"},
				"down": {"uv": [4, 2, 3, 4], "texture": "#0"}
			}
		}
	],
	"display": {
		"thirdperson_righthand": {
			"translation": [0, 6.75, 0],
			"scale": [0.57, 0.97, 1.01]
		}
	}
}