{
  "parent": "minecraft:item/generated",
  "textures": {
    "layer0": "minecraft:item/diamond_helmet"
  },
  "overrides": [
    {
      "predicate": {
        "trim_type": 0.1
      },
      "model": "minecraft:item/diamond_helmet_quartz_trim"
    },
    {
      "predicate": {
        "trim_type": 0.2
      },
      "model": "minecraft:item/diamond_helmet_iron_trim"
    },
    {
      "predicate": {
        "trim_type": 0.3
      },
      "model": "minecraft:item/diamond_helmet_netherite_trim"
    },
    {
      "predicate": {
        "trim_type": 0.4
      },
      "model": "minecraft:item/diamond_helmet_redstone_trim"
    },
    {
      "predicate": {
        "trim_type": 0.5
      },
      "model": "minecraft:item/diamond_helmet_copper_trim"
    },
    {
      "predicate": {
        "trim_type": 0.6
      },
      "model": "minecraft:item/diamond_helmet_gold_trim"
    },
    {
      "predicate": {
        "trim_type": 0.7
      },
      "model": "minecraft:item/diamond_helmet_emerald_trim"
    },
    {
      "predicate": {
        "trim_type": 0.8
      },
      "model": "minecraft:item/diamond_helmet_diamond_darker_trim"
    },
    {
      "predicate": {
        "trim_type": 0.9
      },
      "model": "minecraft:item/diamond_helmet_lapis_trim"
    },
    {
      "predicate": {
        "trim_type": 1.0
      },
      "model": "minecraft:item/diamond_helmet_amethyst_trim"
    },
    {
      "predicate": {
        "custom_model_data": 1
      },
      "model": "item/bighat"
    },
    {
      "predicate": {
        "custom_model_data": 2
      },
      "model": "item/creeper_costum"
    },
    {
      "predicate": {
        "custom_model_data": 3
      },
      "model": "item/tophat"
    },
    {
      "predicate": {
        "custom_model_data": 4
      },
      "model": "item/devil"
    }
  ]
}
